{"cameraMode":{"drawMode":0,"name":"Shaded","section":"Shading Mode"},"sceneLighting":false,"audioPlay":false,"sceneViewState":{"showFog":true,"showMaterialUpdate":false,"showSkybox":true,"showFlares":true,"showImageEffects":true,"showParticleSystems":true},"in2DMode":false,"pivot":{"x":-16.088050842285158,"y":-27.487613677978517,"z":60.79206085205078},"rotation":{"x":-0.20825527608394624,"y":0.13391096889972688,"z":-0.028876977041363717,"w":-0.9685248732566834},"size":77.85060119628906,"orthographic":false}