{"cameraMode":{"drawMode":0,"name":"Shaded","section":"Shading Mode"},"sceneLighting":false,"audioPlay":false,"sceneViewState":{"showFog":true,"showMaterialUpdate":false,"showSkybox":true,"showFlares":true,"showImageEffects":true,"showParticleSystems":true},"in2DMode":false,"pivot":{"x":-18.99073028564453,"y":-35.354190826416019,"z":55.57465744018555},"rotation":{"x":-0.2618144154548645,"y":0.16206389665603639,"z":-0.044724177569150928,"w":-0.9504546523094177},"size":71.5797348022461,"orthographic":false}